{
  "journals": [
    {
      "id": 1644474433503,
      "date": "10 February 2022",
      "title": "yyyiiiiiiiiiiiiiiiiiii",
      "writeup": "oooooooooooooooouuuuuuuuuuuuuuuuu",
      "mood": "Excited"
    },
    {
      "id": 5226554199015,
      "date": "6 July 2022",
      "title": "Darshan2",
      "writeup": "Mahajan2",
      "mood": "Excited"
    },
    {
      "id": 5910224606911,
      "date": "6 July 2022",
      "title": "Darshan3",
      "writeup": "Mahajan3",
      "mood": "Excited"
    },
    {
      "id": 5810128509098,
      "date": "6 July 2022",
      "title": "Darshan4",
      "writeup": "Mahajan4",
      "mood": "Excited"
    }
  ]
}